ResID,CM_Mut
1,0
2,0
3,0
4,0
5,0
6,0
7,0
8,0
9,0
10,0
11,0
12,0
13,0
14,0
15,0
16,0
17,0
18,0
19,0
20,0
21,1
22,1
23,2
24,3
25,3
26,5
27,5
28,5
29,5
30,9
31,9
32,5
33,7
34,8
35,4
36,0
37,0
38,0
39,0
40,0
41,0
42,0
43,0
44,0
45,0
46,0
47,0
48,0
49,0
50,0
51,0
52,0
53,0
54,0
55,0
56,0
57,0
58,0
59,0
60,0
61,0
62,0
63,0
64,0
65,0
66,0
67,0
68,0
69,0
70,0
71,0
72,0
73,0
74,0
75,0
76,0
77,0
78,0
79,0
80,0
81,0
82,0
83,0
84,0
85,0
86,0
87,0
88,0
89,0
90,0
91,0
92,0
93,0
94,3
95,3
96,4
97,4
98,10
99,10
100,10
101,8
102,9
103,8
104,11
105,10
106,3
107,4
108,5
109,5
110,4
111,6
112,5
113,7
114,14
115,4
116,3
117,10
118,7
119,2
120,0
121,8
122,1
123,1
124,7
125,7
126,1
127,1
128,10
129,3
130,3
131,8
132,8
133,5
134,5
135,5
136,5
137,3
138,3
139,7
140,1
141,1
142,1
143,1
144,0
145,0
146,0
147,1
148,1
149,4
150,4
151,5
152,8
153,8
154,8
155,8
156,7
157,7
158,6
159,6
160,3
161,4
162,4
163,2
164,2
165,4
166,3
167,4
168,4
169,5
170,3
171,3
172,11
173,10
174,11
175,12
176,11
177,11
178,13
179,6
180,5
181,3
182,3
183,3
184,8
185,7
186,6
187,7
188,10
189,11
190,7
191,5
192,5
193,5
194,6
195,4
196,4
197,5
198,5
199,4
200,4
201,5
202,5
203,3
204,4
205,7
206,2
207,5
208,5
209,11
210,8
211,10
212,13
213,12
214,11
215,17
216,21
217,19
218,24
219,28
220,25
221,24
222,25
223,22
224,19
225,17
226,12
227,12
228,18
229,22
230,19
231,15
232,21
233,12
234,16
235,20
236,19
237,16
238,18
239,21
240,14
241,20
242,16
243,14
244,12
245,21
246,13
247,13
248,18
249,17
250,12
251,9
252,10
253,10
254,8
255,6
256,4
257,6
258,7
259,4
260,3
261,3
262,2
263,0
264,0
265,0
266,0
267,0
268,0
269,1
270,3
271,4
272,2
273,2
274,1
275,7
276,0
277,1
278,4
279,7
280,3
281,4
282,8
283,6
284,4
285,4
286,6
287,3
288,3
289,3
290,2
291,2
292,0
293,0
294,0
295,1
296,4
297,3
298,5
299,3
300,4
301,7
302,6
303,5
304,7
305,5
306,9
307,9
308,13
309,16
310,28
311,45
312,52
313,54
314,73
315,74
316,74
317,73
318,73
319,75
320,66
321,46
322,40
323,28
324,25
325,22
326,21
327,20
328,14
329,16
330,15
331,15
332,14
333,22
334,15
335,9
336,12
337,11
338,8
339,10
340,7
341,4
342,5
343,10
344,11
345,20
346,19
347,20
348,15
349,12
350,9
351,8
352,11
353,11
354,12
355,6
356,11
357,11
358,9
359,9
360,10
361,10
362,10
363,10
364,18
365,23
366,26
367,21
368,26
369,38
370,28
371,26
372,27
373,16
374,19
375,23
376,23
377,32
378,31
379,23
380,25
381,10
382,9
383,16
384,10
385,8
386,8
387,10
388,12
389,11
390,12
391,16
392,28
393,13
394,12
395,19
396,18
397,13
398,21
399,31
400,31
401,23
402,21
403,22
404,12
405,13
406,12
407,8
408,8
409,13
410,7
411,12
412,14
413,11
414,11
415,16
416,15
417,10
418,8
419,6
420,12
421,8
422,7
423,8
424,6
425,5
426,8
427,3
428,2
429,1
430,2
431,2
432,1
433,2
434,3
435,2
436,1
437,2
438,3
439,2
440,2
441,2
442,1
443,1
444,4
445,1
446,1
447,4
448,6
449,1
450,5
451,7
452,3
453,1
454,0
455,6
456,3
457,2
458,2
459,0
460,1
461,2
462,2
463,2
464,2
465,2
466,2
467,1
468,1
469,1
470,1
471,0
472,0
473,0
474,0
475,0
476,0
477,1
478,1
479,1
480,1
481,1
482,1
483,1
484,0
485,1
486,2
487,2
488,2
489,2
490,1
491,1
492,1
493,3
494,1
495,0
496,2
497,2
498,0
499,0
500,0
501,0
502,0
503,0
504,1
505,1
506,1
507,2
508,1
509,1
510,7
511,4
512,4
513,7
514,11
515,6
516,9
517,7
518,2
519,2
520,3
521,3
522,4
523,5
524,5
525,5
526,5
527,7
528,6
529,5
530,5
531,5
532,3
533,9
534,8
535,4
536,4
537,4
538,6
539,5
540,3
541,1
542,1
543,1
544,0
545,0
546,0
547,0
548,0
549,0
550,0
551,0
552,0
553,1
554,1
555,1
556,1
557,1
558,1
559,1
560,1
561,1
562,2
563,0
564,1
565,1
566,1
567,2
568,0
569,0
570,0
571,0
572,0
573,0
574,0
575,0
576,0
577,0
578,0
579,0
580,0
581,0
582,1
583,2
584,0
585,1
586,0
587,0
588,0
589,0
590,0
591,0
592,0
593,1
594,1
595,1
596,2
597,5
598,6
599,5
600,6
601,1
602,2
603,3
604,2
605,2
606,3
607,3
608,1
609,2
610,1
611,0
612,0
613,0
614,0
615,0
616,0
617,0
618,0
619,0
620,0
621,0
622,0
623,0
624,0
625,0
626,0
627,0
628,0
629,0
630,0
631,0
632,0
633,0
634,0
635,0
636,0
637,0
638,0
639,0
640,0
641,0
642,0
643,0
644,0
645,0
646,0
647,0
648,0
649,0
650,0
651,0
652,0
653,0
654,0
655,0
656,0
657,0
658,0
659,0
660,0
661,0
662,0
663,0
664,0
665,0
666,0
667,0
668,0
669,0
670,0
671,0
672,0
673,0
674,0
675,0
676,0
677,0
678,0
679,0
680,0
681,0
682,0
683,0
684,0
685,1
686,1
687,2
688,2
689,0
690,1
691,1
692,1
693,2
694,2
695,2
696,1
697,1
698,0
699,0
700,0
701,0
702,0
703,0
704,0
705,0
706,0
707,0
708,2
709,1
710,2
711,3
712,3
713,2
714,2
715,2
716,2
717,0
718,1
719,2
720,3
721,3
722,3
723,1
724,0
725,0
726,0
727,0
728,0
729,0
730,1
731,2
732,1
733,0
734,0
735,0
736,0
737,3
738,2
739,3
740,3
741,2
742,2
743,3
744,3
745,1
746,0
747,2
748,2
749,2
750,2
751,2
752,2
753,3
754,2
755,2
756,2
757,1
758,0
759,0
760,0
761,0
762,0
763,0
764,0
765,0
766,0
767,0
768,0
769,0
770,1
771,0
772,0
773,1
774,1
775,1
776,1
777,1
778,1
779,0
780,0
781,0
782,0
783,0
784,0
785,0
786,1
787,1
788,2
789,2
790,2
791,2
792,2
793,1
794,1
795,2
796,0
797,0
798,2
799,2
800,2
801,2
802,2
803,1
804,0
805,1
806,1
807,1
808,1
809,2
810,1
811,1
812,0
813,0
814,0
815,0
816,0
817,1
818,1
819,0
820,0
821,0
822,0
823,0
824,0
825,0
826,0
827,0
828,0
829,0
830,1
831,1
832,1
833,1
834,0
835,0
836,0
837,0
838,0
839,0
840,0
841,0
842,0
843,0
844,0
845,0
846,0
847,0
848,0
849,0
850,0
851,0
852,0
853,0
854,0
855,0
856,0
857,0
858,0
859,0
860,0
861,0
862,0
863,0
864,0
865,0
866,0
867,0
868,0
869,0
870,0
871,0
872,1
873,1
874,1
875,0
876,0
877,0
878,1
879,1
880,1
881,1
882,0
883,0
884,0
885,0
886,0
887,0
888,0
889,0
890,5
891,0
892,0
893,0
894,0
895,1
896,1
897,5
898,9
899,9
900,9
901,8
902,8
903,4
904,4
905,5
906,4
907,5
908,1
909,0
910,0
911,1
912,0
913,0
914,0
915,0
916,0
917,0
918,0
919,1
920,0
921,1
922,4
923,6
924,1
925,2
926,5
927,1
928,1
929,2
930,1
931,0
932,1
933,0
934,0
935,0
936,0
937,0
938,0
939,1
940,0
941,0
942,3
943,3
944,3
945,0
946,0
947,0
948,0
949,0
950,0
951,0
952,0
953,0
954,2
955,3
956,3
957,3
958,2
959,2
960,2
961,1
962,1
963,1
964,0
965,2
966,2
967,2
968,2
969,2
970,2
971,2
972,0
973,0
974,1
975,1
976,1
977,1
978,0
979,0
980,0
981,0
982,0
983,0
984,0
985,0
986,0
987,0
988,0
989,0
990,0
991,0
992,0
993,0
994,0
995,0
996,0
997,0
998,0
999,0
1000,0
1001,1
1002,0
1003,0
1004,1
1005,1
1006,0
1007,0
1008,1
1009,2
1010,2
1011,2
1012,1
1013,2
1014,0
1015,0
1016,0
1017,0
1018,0
1019,1
1020,1
1021,0
1022,3
1023,0
1024,0
1025,0
1026,0
1027,0
1028,0
1029,0
1030,0
1031,0
1032,0
1033,1
1034,2
1035,3
1036,1
1037,1
1038,1
1039,0
1040,0
1041,0
1042,0
1043,0
1044,0
1045,0
1046,0
1047,0
1048,0
1049,0
1050,0
1051,0
1052,1
1053,2
1054,2
1055,1
1056,1
1057,1
1058,0
1059,0
1060,0
1061,0
1062,0
1063,0
1064,0
1065,0
